rs1,rs2,rs3,rs4,rs5,rs6,rs7,rs8,rs9,rs10,rs11,rs12,rs13,rs14,rs15,rs16,rs17,rs18,rs19,rs20,rs21,rs22,rs23,rs24,rs25,rs26,rs27,rs28,rs29,rs30,rs31,rs32,rs33,rs34,rs35,rs36,rs37,rs38,rs39,rs40,rs41,rs42,rs43,rs44,rs45,rs46,rs47,rs48,rs49,rs50,Population
AA,TG,GT,CC,GA,AA,GC,TC,CC,CA,TA,TT,CG,CA,GA,CA,GC,GG,AC,AC,AC,CT,TG,GA,TG,CG,TG,CG,AC,TG,TC,TT,TT,AC,GA,GG,GG,TC,TT,TT,TT,AA,GC,TT,AA,AT,TT,TC,CT,AG,Pop1
AG,AA,AA,GG,TT,CC,CG,TC,TC,AT,TC,TT,CT,GG,CG,TG,GA,AT,AA,AT,AG,CA,CG,TT,AT,GG,CT,CA,AC,AG,TC,AT,TG,CA,CG,GA,AC,GA,CC,GG,GG,CG,CC,AA,CA,CT,GA,GC,CT,GT,Pop3
CG,GA,GA,GG,CA,AT,CC,AT,GT,GA,GC,GG,CT,GG,GA,TG,GA,GT,GT,AC,CT,GT,GG,GC,TC,GG,TT,AA,AG,TA,GT,TC,CG,TC,AC,CA,AT,GG,TG,AC,TA,GC,TT,AC,AG,AG,TT,TT,CA,AA,Pop3
AC,CT,CA,TT,GT,AT,CC,CA,TA,AG,AC,AA,TC,AT,AA,TA,CA,CC,GG,TA,AT,GG,AG,TA,CG,TT,CC,GT,CA,CC,TT,TA,CA,TA,TG,AT,AT,TC,CT,TA,CA,AG,GA,TA,TT,GT,AA,TG,CT,TA,Pop2
GT,AG,AA,AC,TA,CA,AG,AA,AC,TT,CG,CT,CA,TG,TC,CC,GA,TG,TT,CC,GC,GG,TT,GA,GC,CT,CA,TC,CA,AG,GG,GC,TT,TT,GC,AT,CG,AC,GC,TG,CT,CA,CA,AG,AC,CG,TG,TG,TT,AC,Pop3
CC,TC,TC,CT,CT,AG,AA,GA,AA,TT,CA,CC,TG,CC,GG,CT,TA,TC,TT,GC,AA,CC,AT,GT,GC,TA,TA,AC,AT,TG,CC,GG,AG,GG,GC,TA,AA,CT,TG,AT,GC,TT,AC,AC,TC,TG,GA,AT,TT,CT,Pop1
CA,TC,CG,GG,AA,CC,CG,CG,GA,AG,TG,GG,GT,AG,GA,CC,AG,GA,TA,GC,TC,CT,AT,AA,AT,CA,TG,CC,AA,GT,AC,CG,CG,TG,AG,AG,TT,GC,TG,GT,CC,GA,CG,TG,GC,AC,TC,AG,GG,GT,Pop1
CG,TA,CG,TC,CG,GT,GG,GT,GT,CT,CA,GT,AG,AC,AC,AA,GC,GC,AA,AA,TA,CT,AG,CT,AT,AG,TA,AA,GC,TG,AT,TG,AG,TC,AC,CA,TT,CT,TC,GA,AC,TA,AA,GA,TG,AT,GT,AT,CA,TG,Pop3
GC,AA,AA,AT,TA,GC,AG,GG,TA,CA,AA,GT,CA,GA,AA,AT,CA,AT,CG,TG,TA,AT,TT,TT,TT,TC,AA,TG,TT,AC,CC,AC,TT,GG,CA,TC,CC,GG,AG,CC,AC,TA,GA,GG,GA,AG,CG,CT,AA,CA,Pop1
TC,AG,CT,CT,GC,AC,CC,CC,AT,CA,GG,CA,GC,CA,TT,CA,AT,CC,AG,GG,GA,GT,CA,TT,CG,GA,GG,AC,CA,AG,TC,TT,AC,AC,GG,AT,TT,AC,TG,AC,CG,GA,AT,TC,GG,AG,AT,GG,CA,TG,Pop2
GC,AG,AC,AA,TC,TT,TC,AG,CC,GA,CC,GC,AG,CG,CT,TG,CG,TA,GT,AT,CG,TT,AA,GG,TA,TT,CG,AC,TT,CC,CA,CA,AT,GC,AG,GG,TC,AA,TC,AT,GA,AA,CG,AT,AA,GC,AT,TG,TA,AT,Pop2
AC,GA,TT,CG,TG,CC,TA,CA,AA,GT,GA,GT,AT,AC,CT,TC,TC,AT,AC,AG,AA,AC,AT,TC,GC,TC,GA,AC,GG,AC,GA,GA,GC,CA,AT,TT,AG,TC,TA,CA,TT,GA,AC,AG,GG,GT,GA,AG,GC,CG,Pop1
TA,TC,AT,AC,TG,GT,TT,AC,TA,AT,GA,CT,GT,GC,CC,GA,AA,TT,TA,AA,AC,TT,TC,AC,CC,AT,CT,GC,AT,CT,AC,CA,TG,GG,TG,GG,TA,TC,CG,TA,AT,TG,TT,AG,TA,GT,TA,GC,TA,TC,Pop3
AG,CC,GG,TC,CC,CC,GT,TA,AG,CG,TG,CA,TC,TC,TT,AA,AA,GG,AT,GT,GC,CG,CC,AA,TG,CG,CG,CC,GC,TT,GC,AG,GT,GC,AT,GA,CC,CG,GC,TG,AT,TA,CC,GC,CA,GA,GA,CG,GC,TG,Pop2
CC,CT,TG,CC,GC,GT,TG,AA,GT,GT,GG,TA,AC,TG,AG,AC,CC,CG,GC,CA,CG,CG,CC,CG,AT,TA,TT,AG,CG,CT,GA,GC,GC,AC,CG,CA,TT,GA,CG,AT,GT,AC,TG,AG,TG,AG,TT,AG,GA,GT,Pop1
CC,GG,TT,AC,CT,CA,CA,AC,GT,TC,AA,AC,CG,GT,AG,AA,TC,TC,CG,GT,AC,AT,AT,AA,TT,AA,CT,TG,TT,GT,AG,AC,CG,GA,AG,TT,TG,CT,TA,GT,AC,GT,TG,TC,TG,TC,CA,GT,AC,GA,Pop2
GT,TT,TA,TC,TC,AT,CA,AC,CG,TT,CA,CG,AT,TG,AT,AC,TC,TT,TT,GA,CT,AG,AT,GA,AC,TA,GA,CC,AT,CA,AT,TG,CG,CG,AA,TT,TG,CT,TT,GT,TA,CG,TT,TG,AC,GT,GC,GT,AT,AG,Pop3
TG,GT,CG,TC,TG,CT,AA,AA,CA,CA,CA,CT,CG,AT,TT,GA,TC,CA,GG,GT,CG,AG,CA,CG,GT,TC,TC,TC,GG,AC,CC,AC,TT,GA,TT,TT,TT,AC,CT,AT,TC,AT,GC,AC,GG,AA,TC,GA,TC,CC,Pop3
GT,GT,TT,GC,CG,AC,AT,TT,CA,AG,TA,CT,CT,CT,AA,CG,CA,CG,GG,CC,GC,GC,GC,AA,GC,GG,GC,AC,AA,CT,GC,GT,GG,CT,TA,GA,CT,CT,AC,TC,CC,TT,TA,AG,TG,AC,GG,TA,CT,GA,Pop2
AT,TG,TG,CA,GG,GT,AA,CC,TG,AT,CT,TA,CT,TA,GT,CC,TG,CT,TT,TG,AC,CT,TG,GC,TT,CA,TC,GA,GC,TT,GT,CA,AC,TA,TC,TG,TT,GA,GG,AA,CC,GC,AT,TG,CA,CA,AA,TC,AC,GG,Pop2
CC,TG,GG,CT,TG,CT,AG,AC,CG,CA,CG,AC,AC,TC,CT,GG,TA,AA,CC,CG,AC,TT,TT,CC,TA,TT,GT,CT,AG,TC,TC,TT,GG,CT,TT,AT,GT,GA,GG,CA,GG,GG,AC,CT,GA,AG,GA,CA,GG,AC,Pop1
CG,AA,TG,AT,AA,GC,AT,TC,AT,AA,TA,AC,AG,TG,CA,TA,AG,GG,AC,TA,GA,AA,GG,GC,GT,GG,CT,TT,TC,CG,AC,TG,CA,GT,CC,TC,TC,TG,GG,CC,CG,TT,CG,CA,TG,CG,TC,AC,AC,CG,Pop2
GC,TA,TC,CT,GT,CT,GC,AT,GT,AC,GA,TG,CC,CT,TA,AT,CG,GT,TC,CA,TA,GC,CT,TA,AA,CA,GA,GA,TT,TG,CA,TA,CT,TT,GG,GC,GA,GG,GT,CT,CA,AT,TG,GA,GT,AA,GA,CG,AC,AG,Pop1
GT,AC,CT,TT,GC,TC,AC,TC,GC,AT,TG,GC,GT,CT,AA,AT,CG,CC,GT,CT,TT,AT,GC,TG,GG,TG,AG,CC,CT,TG,TC,TC,AA,AT,TA,CT,CT,AT,AG,AC,AT,TG,AC,GA,AC,GG,AT,TT,GT,TA,Pop3
TA,GT,CG,GT,TC,TC,CC,TG,AC,GC,CT,CA,CG,GC,TC,CT,AA,TC,TA,GT,GG,TA,CC,GT,GA,GG,CA,CT,CT,TT,AA,CC,AA,TT,TG,TA,CT,TT,TA,GT,CT,GT,TC,CA,GC,GC,GG,CG,CG,AA,Pop3
GA,AT,TG,GA,CC,CA,AT,AT,TG,CC,GC,CG,GT,TC,TA,AC,GG,AG,CG,AG,CT,GC,TG,CA,TG,GG,CC,CG,TT,CT,CT,AT,AT,AG,GG,TA,CT,AG,CT,TG,CG,GC,CG,TG,CC,CT,AT,GG,AG,GA,Pop2
AT,AT,AA,AC,AA,CT,TG,AG,TC,AA,AT,GA,AA,GT,AA,CA,GG,GT,TT,CA,TC,GC,CT,AC,GC,TT,GC,AA,AG,CG,AC,CG,AC,GA,AG,CG,AC,CA,CT,GG,GG,TG,TC,AG,GT,TC,AA,CA,GC,AC,Pop3
CG,TC,GA,CC,CA,GA,TG,TC,CC,CG,CA,CT,CA,TT,GG,GC,TG,GC,GA,CC,TG,AA,CA,AT,CC,CT,GT,TT,CT,CA,GC,GT,AT,GG,TT,AT,GC,AG,CC,CC,TT,TC,TT,AT,AT,AT,GA,GA,AG,CG,Pop2
GA,TC,GT,AC,GC,GG,GG,GA,TC,AT,TT,GG,GT,TT,CC,AG,TG,GA,GG,TG,GC,CA,TC,AA,AA,GC,CA,AT,AA,TG,CC,CT,CG,GG,TA,CT,TC,CT,CT,TT,TT,TC,TA,GT,CC,AC,AT,TC,GG,AG,Pop3
GG,CT,TT,GC,CT,TT,AA,GT,AA,AG,AA,TA,GA,AA,AT,CT,CC,AG,AA,TA,GC,TC,CT,CG,CA,CT,AT,TG,AC,TC,GC,AC,TC,GT,AG,GG,CT,TG,CT,TC,TG,GA,GC,TA,CC,TT,AA,GC,GT,AT,Pop1
CT,AA,CG,CA,TC,GT,TC,CA,GT,TG,CG,TA,TT,AA,CA,CG,GC,AG,AT,TC,GT,AT,TC,AA,AT,CT,CG,GC,TG,TT,CG,GA,GC,CA,AA,GA,CG,TC,TT,AG,GT,GA,CA,AC,CC,TT,TC,TA,GC,TG,Pop1
TG,AG,TT,AG,AC,GT,TT,TT,CC,AG,CG,AC,CA,CT,CG,GC,AA,TC,AG,GG,CG,TG,GG,GG,CC,AT,GC,TG,GA,GC,TG,CA,AG,TA,CG,TC,TA,CG,TA,CG,CG,GT,TA,AA,TC,AG,AG,TC,TT,GG,Pop3
TT,GC,TA,GC,AG,AA,AA,GC,AC,TT,CA,CC,CA,CG,AG,TA,AA,GG,TA,TA,CA,CA,AT,AT,TC,CT,CG,AT,CG,AA,AC,CG,AG,TC,TT,CA,TA,CC,CG,TG,GG,TC,CG,AG,TC,AC,GA,TA,GC,GC,Pop3
CA,GG,CC,GC,AC,AT,AA,TG,TG,AT,TT,CG,CC,AC,GC,GT,TT,CG,CT,CA,CA,TT,TC,AG,AA,AG,CC,AG,TT,GG,TC,AT,CA,GG,TC,AA,GA,TC,GC,CT,CA,AG,CA,GC,GC,AA,AA,GA,CG,AA,Pop2
CC,TT,GG,CT,AT,GC,CA,TG,CT,GT,TG,TC,TC,GC,CT,AT,AT,AC,CG,TG,CA,AA,GT,GC,GG,AT,AT,GC,AT,CC,CG,CC,AC,CG,CG,AA,GC,TA,TC,CG,CA,GA,TC,TA,TT,AC,GC,GC,TA,CA,Pop1
AT,CC,CC,CA,CC,GT,TC,CT,TT,GC,AT,CT,AA,CT,GA,GC,TC,AG,GT,TA,AC,GT,CT,GC,TT,AT,CG,CA,CG,TC,AT,AG,AA,AT,GG,GA,CG,AC,TA,TC,TC,CC,AT,TA,CA,GC,AA,GG,GC,CG,Pop2
CA,AA,TT,GA,CT,GG,AC,TT,TA,GT,AC,CA,TC,AC,GC,AG,AT,CA,AC,GG,AG,CT,TA,CT,TT,GG,TT,CC,GG,AA,AC,AC,CA,GT,CA,AA,CC,AC,CC,CC,GC,TA,CA,GC,TC,GC,GG,TA,TG,AT,Pop3
TG,TA,CG,AC,GA,AC,CC,TT,GG,AT,GA,CC,CT,AT,GT,CA,GG,GC,GG,AA,AT,GT,CT,AG,CG,AA,CA,GT,TC,AA,CC,AA,TC,AA,TT,GT,AG,CT,TG,GA,GC,AC,CG,AT,TT,AC,GC,CT,TA,CC,Pop3
GT,TG,GC,TC,TC,TT,CA,GA,GA,AC,AA,AT,CA,GC,CT,CT,GC,AG,TG,AC,TA,GC,TA,GA,CC,CT,AC,AA,AT,CC,TT,AG,AA,CT,CC,GG,CC,GA,AC,AG,CA,TG,GC,TT,GT,TT,AG,GG,GC,CG,Pop3
AA,AA,TT,TT,CC,CT,AC,TA,CC,AA,AG,GA,GG,GG,TA,GG,AG,AG,CA,AG,TT,GC,GA,AA,GT,GG,AT,CT,AC,GA,AC,AG,CT,TC,TT,TT,GA,GC,AT,GC,AC,AG,CG,TA,TC,TA,CA,GT,TC,TT,Pop3
GG,GA,AC,TC,CC,CT,TG,AT,GG,GT,CT,AT,GT,TT,TT,AG,CT,GA,CA,AA,AG,AA,CG,TC,TA,AG,TT,AT,CG,CG,TT,GT,AA,CC,CA,AT,AC,CC,CT,GC,TA,TG,CT,TG,GG,AG,TC,CA,AA,CT,Pop3
CC,TG,AT,AC,AT,CC,TT,AC,GT,AG,TT,CC,AC,CC,TT,TC,AA,AC,GG,CA,CC,TT,TT,CA,CC,GG,AA,TG,GC,CG,GT,CC,AT,CG,AG,AA,CT,AC,GT,AC,TG,CC,TG,CA,CG,AC,AC,AG,TG,TG,Pop2
GA,CC,TT,TG,GG,CT,TG,CG,TT,TG,GT,CT,GC,AA,CA,GC,TT,TA,TC,GT,AT,AC,GT,CT,GT,CG,GC,CG,CC,GG,AT,TT,AC,GA,AC,AG,CT,GC,TT,AT,AA,CG,AT,GA,GA,CA,CT,TG,GA,CA,Pop3
CG,CC,GA,CG,CG,AT,TA,TC,AC,CC,AA,TG,GT,CA,GC,AA,AC,AG,AC,AC,GA,CC,GA,TC,AA,GG,GT,CT,CC,GT,CT,TA,TG,CT,CG,AA,TA,CT,CG,TC,GA,AG,TC,CC,TC,TA,TA,AT,CT,CC,Pop1
AG,CC,GG,GA,GG,TC,AA,CC,CT,TG,GA,GT,CA,CA,TC,GC,TT,CG,AT,TC,CA,TC,AA,AT,TA,TC,AA,TC,GC,GG,TA,CC,TC,TA,TG,CC,GG,TT,TA,AT,TG,TG,GT,CA,CA,TT,TG,CC,TT,TT,Pop2
TT,GA,CA,AA,AT,GC,TG,TA,AG,GT,GT,AG,CA,TT,TT,GC,AA,AG,CA,AC,CG,TC,AG,GG,GG,AC,TC,TA,CA,CC,GT,CC,TT,GA,TT,GC,GA,TT,AA,GA,GA,AG,CC,AA,AT,GA,AG,AG,TC,GT,Pop3
TG,GT,GT,GA,GT,GT,TA,GA,CT,GC,GA,AA,TC,AC,TA,AC,AA,AT,GT,CT,TT,CG,TT,AG,CT,TT,GT,GG,TG,CA,CA,AG,TT,AA,AT,CA,CA,GG,AG,GT,TT,TG,GC,TT,AT,TG,AG,TT,AG,TA,Pop1
TA,TC,AC,TC,CT,CA,TA,CA,CT,AT,TT,AG,AG,TG,TC,CA,AC,AG,CG,AA,GA,AA,AT,GA,GA,CG,CC,GG,TC,AT,GC,GT,CC,AG,TT,AC,TC,AT,AA,TG,TC,GT,AA,CA,TA,GG,AG,CG,CA,AA,Pop3
GG,TC,TA,GA,GC,AT,TT,GA,GA,AC,CA,AG,AC,CG,CG,AG,AG,GG,CG,AT,TA,TT,AG,CA,TG,AG,GA,AA,AG,GG,CC,CC,TA,AA,AC,AC,CA,GT,TG,AT,CC,CT,AA,TG,GC,AT,AG,CA,AA,TG,Pop2
CT,TC,GT,TC,CT,TC,TC,CT,AC,CC,TG,TG,GC,AT,GT,GA,GA,GG,GA,CA,TT,GC,TT,TG,AA,GG,AT,GG,TA,CT,CA,AG,GC,AA,GC,TC,AT,CG,TG,GA,CG,CA,GA,CG,TA,GC,TT,CT,CT,GT,Pop2
AA,AG,CA,GT,AA,CT,AA,AC,GC,AT,GG,CC,CA,CG,CT,TG,GT,AG,GT,CT,GC,TA,AA,GA,CT,GC,GT,TA,CA,CG,AG,TA,AT,GG,TC,TC,GC,TA,GT,CA,CT,CA,CA,TC,TC,TG,TT,CC,GC,GG,Pop3
GA,AT,GC,CC,CA,TA,TT,GT,AT,GC,AC,GA,AT,CA,TT,AA,AT,TA,GA,AC,CG,GG,CA,TA,GA,TT,GT,AC,CC,GA,CT,CC,TA,TG,AA,TA,TG,TG,GG,GT,AT,AT,GT,AC,CT,CT,TA,AG,CT,TT,Pop1
CG,TA,TA,AG,GT,TT,CC,GC,AA,GG,TC,AA,TC,GA,AT,GT,TT,CT,CA,TT,AC,AC,GA,AA,TT,GC,TG,AA,GA,AC,TG,TG,TA,TA,GC,GG,GG,AA,CG,AC,CT,GG,GG,GC,GA,CA,GT,CT,GT,AT,Pop2
AC,CG,AT,TT,GG,GA,CG,CC,AA,GA,AA,CT,TG,GA,CT,GT,CA,AA,CT,TA,TA,GG,GC,CC,CC,AA,GC,AA,TC,TC,AT,GG,TT,AT,GG,AA,AT,CC,TC,GC,GA,CC,CC,CT,GA,AC,AC,AC,AA,AG,Pop2
AC,CA,AT,CT,CG,TA,CC,AC,CT,TT,TT,GT,TG,CA,CC,TC,GA,CC,TT,CC,TA,GT,CG,CT,TA,AC,TA,GT,GT,CC,CT,CT,AC,TG,TC,TT,TC,GA,CG,CA,CT,CC,TG,CC,GA,CC,AA,AT,TT,CC,Pop2
AA,CG,AA,CA,AA,CT,GA,TT,CC,CC,GA,GC,AT,CG,TC,TA,CG,GG,TA,CA,AA,GG,GG,AA,AT,TG,CC,TC,AT,AT,GT,CG,GC,AA,GA,AG,TG,GA,AC,AG,TC,AT,CA,CA,TG,TT,TT,AG,CG,GA,Pop3
CT,GC,TA,CG,TG,GA,CC,TG,TA,GT,GC,CC,CT,CC,TT,TG,CG,CC,CA,GG,TC,GA,AC,GG,TT,TT,TT,CG,TC,GT,CG,AT,AC,AA,TT,AT,CG,CG,CA,AA,AT,CG,GG,GT,TC,GT,GC,AG,TC,TT,Pop2
CG,GT,GT,TA,CT,CG,CT,GC,GT,TA,AA,AG,AA,GC,TG,AC,AA,TG,GG,TG,TC,CC,AA,TG,TT,CG,CG,AG,CC,GT,AG,GC,GA,TT,GA,CG,AT,GG,GT,CT,CA,GT,AT,TT,CT,GC,GC,TT,TG,CA,Pop1
GG,TA,AT,CA,AT,GG,GA,CG,TT,CG,AC,TT,TC,GA,AA,TG,AC,AT,GA,GC,TA,TC,CT,GA,AC,CG,TT,TG,GC,CC,CG,AG,CC,CA,AA,AT,AG,TG,AT,GT,CG,CG,AC,AC,GT,CC,CG,GG,GT,TT,Pop1
GA,GT,AC,AC,AT,TG,GA,GC,TG,TG,TC,GT,GG,CC,CA,AG,TC,CT,CG,CG,CA,CC,TG,AG,AT,TG,CA,CT,CC,TT,GG,CA,CC,GG,GG,AA,CG,CA,TC,GC,AA,CG,AT,GT,TC,GG,GA,CT,TT,TC,Pop2
AC,CA,GC,AG,TA,AC,TA,TA,TA,CA,GG,CT,AC,TC,AT,TT,CC,GA,GC,GA,TT,AC,TA,AA,AC,AC,AA,TC,CT,CG,TT,AA,CT,CT,GT,CT,TG,CG,CT,CC,CC,GG,CA,CT,GA,CA,CC,GT,TC,AA,Pop2
GC,AA,TG,GG,GA,AT,TG,GC,AT,AG,CA,TT,AG,CG,TC,GC,TC,CC,CT,AT,CG,AT,TG,TC,GT,AG,AC,CA,CT,AC,CG,AC,AA,GA,GC,GG,TA,CC,CA,CG,TC,GT,TT,GG,TT,GA,CC,TT,CG,TG,Pop1
GA,CT,GC,AC,GT,GT,AT,GG,AG,CT,AA,AT,AA,CT,GA,TG,AA,GG,AA,TT,GG,CA,CC,TA,GT,GG,GA,TT,TC,GT,CA,CG,CA,TC,CA,GC,AG,TG,CG,TC,TA,TA,TC,CC,TA,AA,CC,AC,GC,GA,Pop3
CA,GT,AC,CG,GA,GG,CC,GA,TT,TG,TC,AA,CG,TA,GC,GA,TA,AC,GC,AT,GC,TG,CC,GC,CA,AA,CG,AA,AC,CT,CA,CC,AT,GC,AA,GT,GC,TG,AT,TT,CG,TA,CT,AC,GG,AT,CC,GG,AG,GC,Pop2
CG,AA,GG,TT,AA,TC,GA,CT,AC,CG,TG,AA,AT,GT,CC,AT,GA,GG,CT,GA,AT,TA,CG,AT,AC,CG,CT,GT,AC,GA,AA,TC,GC,GT,GA,TG,TA,GA,CG,AA,AG,TA,TT,CG,TA,AA,CT,AC,CA,AA,Pop3
TA,AA,AC,AC,AG,CT,AA,TT,AC,GA,AT,AT,AA,GA,TA,AG,CG,CT,AA,CT,GC,GT,GT,AG,CG,GG,GT,GT,CT,AA,AC,CA,CG,AG,GT,AT,AT,TT,GG,GT,AC,TC,CC,TC,GT,AT,AG,TC,AC,AT,Pop2
AC,GG,TC,CG,AC,CC,AA,TT,AT,GA,TG,TG,CG,GG,CT,TT,CG,GA,AA,GT,AG,TC,AA,TC,GC,TT,CA,CC,AG,CG,TT,GC,CA,AC,AC,AA,CT,GA,GT,CA,AA,CG,CT,AT,GT,TC,GC,CT,CC,AG,Pop2
TC,AG,TG,GA,CT,TC,TA,GG,GT,AA,TG,TA,CA,TG,AG,GG,CA,AG,GC,GA,TG,GG,GT,TT,GA,CG,GC,GC,TC,TG,GG,TT,CA,GT,GA,TT,GA,GA,CG,TA,GC,GT,AC,GG,AG,CC,AC,TC,AG,TC,Pop1
GG,GC,GG,AG,AT,GC,AG,TA,TC,TA,GA,CA,CC,CC,CA,AA,AT,GA,CG,GC,AC,AC,GA,CT,TC,CG,GG,GT,TA,TG,GT,AA,TT,CA,GA,TC,GT,GA,GC,GA,AA,TC,CA,CG,AT,CA,AA,CT,GA,GG,Pop3
TG,AC,TT,CA,CT,CC,TT,GA,GT,TA,AG,CT,AT,GG,GC,AG,AT,AA,CT,AC,GC,TA,GC,CA,CA,AG,TT,TT,AG,TT,CC,GG,TG,CA,TT,AT,GG,CT,TA,TT,CG,AG,CA,AT,CT,CT,TG,TT,GC,AA,Pop2
CC,TG,TA,CC,CT,GT,GC,AG,CC,TT,AA,CG,CC,AT,GC,CC,GA,AT,TT,CC,AG,AC,AT,AA,CG,TG,CC,TT,TT,TT,TC,GA,CC,AA,GG,CT,TG,TG,GT,AC,TG,TG,CG,CA,TA,CC,TC,TG,TC,CG,Pop1
AA,AC,CT,CC,TC,TG,AC,GC,TC,GT,CC,GC,AT,GG,AC,TA,TG,CG,CG,GC,GT,GC,TT,AT,TA,AT,TG,GG,CT,AG,CC,CA,GC,GC,AG,CG,AT,CT,TA,TG,TC,AT,AA,AG,AG,CC,AT,GT,GG,TG,Pop3
TC,TG,GG,CG,AA,AG,TC,GG,GT,TA,GT,AG,TT,CC,CT,TC,GC,CC,TG,AC,CA,TT,CA,GT,TG,CC,TA,CT,TA,AG,TG,AC,GT,GA,AA,CT,AT,GC,TT,TA,GC,TA,GT,TC,CA,AA,AT,TC,CG,CT,Pop3
GT,AT,GG,CT,GG,TG,AT,AA,TC,AT,TT,TG,AC,GG,GG,CA,TT,TC,CG,TA,CC,AC,TC,TC,TT,CT,TA,TG,GA,CC,AA,CG,TT,GC,CC,CC,AC,AG,AG,AT,AT,TT,GA,GC,TT,TC,CG,CT,GT,TG,Pop3
TT,TG,TA,CC,TG,CT,GG,AA,GG,GG,CC,TT,CG,GC,CT,CA,TA,TA,GA,GG,GT,TA,CT,AC,AA,GT,TG,GT,CA,AG,GC,TC,GA,CG,CT,GT,AA,AC,GT,TC,TC,CT,AG,TA,AA,GA,GA,AC,TC,TG,Pop3
TC,AG,CC,AC,GC,GG,TT,TT,GC,AG,AG,AA,TG,TA,AG,GC,TA,TC,GA,CC,CT,CT,GG,AT,AT,GG,AA,TT,GA,CT,GT,AA,AA,GA,CT,AG,CG,TA,TT,AT,CG,TG,AT,TC,CG,CC,AC,TG,CA,TG,Pop1
GT,AG,TG,CA,CC,AT,CG,CT,AT,GC,TT,CG,GA,TT,TT,GT,CA,CA,AA,CT,CC,AG,CG,GA,AC,TT,GG,AT,GT,CT,CT,GG,CA,AC,TA,CT,AC,AT,TC,TG,GT,TG,AA,CT,CC,GA,CC,AC,TG,GG,Pop2
TT,GT,AC,AA,AC,CC,AG,GG,GG,TT,AG,CG,AT,TG,TT,AG,GT,TA,TT,AG,TT,TG,GG,GC,GA,GG,AA,TT,CT,TC,CT,TG,CC,AC,GG,AG,AG,AA,TT,AA,CA,GC,GA,CG,GT,TC,GA,TA,TC,GT,Pop2
TT,AT,GA,AG,TT,GG,AA,CC,AG,CC,GG,AA,GT,AC,GA,TC,GA,GA,AG,GC,CT,AC,CA,CC,AT,GG,GC,CG,TC,GA,CT,AT,GC,GC,AG,AA,GC,AC,GC,AT,CT,TG,GA,AT,CT,TT,GC,CC,GC,GG,Pop1
TG,GC,GA,GA,GA,AG,CT,CT,GC,GG,TC,CA,GT,AG,GT,CA,TG,CG,CC,AG,CC,TG,GT,CG,AC,AA,TT,CT,CT,CA,CC,AA,AC,AG,AC,AT,GA,GA,TG,AA,CT,GA,TG,AA,GC,GG,GC,CA,GA,AT,Pop3
GG,AT,AA,GA,TA,TG,AT,AC,AC,TT,GT,GC,GA,AC,TG,GC,TA,TG,TG,TG,GA,TA,AA,TA,AT,GC,TA,AT,AG,GA,CC,TA,CG,CC,CA,AT,CA,AA,AT,TC,GC,TG,AT,AA,GG,GC,GA,TA,CT,TT,Pop3
GG,TG,AC,GA,TG,TG,TT,CC,CA,CA,TT,GA,CA,CT,AC,AA,TA,GC,CG,TC,TA,TG,AA,GG,CA,GG,GT,GC,AT,CA,GG,AC,GC,GT,GC,CT,GA,GG,GA,CT,CT,TT,GT,TT,AT,GC,AC,CG,TT,AG,Pop2
AG,AC,AC,GA,TG,CA,TT,AT,AT,AT,GA,GA,CC,TT,TG,AG,TA,CG,GG,TT,CT,CC,AG,CG,CC,CT,GC,GC,AA,GG,TC,TC,AT,AT,TC,CC,GT,GT,GT,GA,GC,TA,CA,TT,AG,AG,AT,AG,TT,GT,Pop1
CT,GA,AC,TA,TC,CG,AA,AA,TT,TC,AG,CG,TG,GC,TA,CC,CG,AG,TC,AG,CT,CA,GT,GA,GA,AA,AA,TC,TA,CC,CT,GG,AT,TC,GA,GT,TT,TG,CT,CA,TA,GC,AG,TC,AT,AA,GT,AT,AT,TG,Pop2
CA,TG,AC,TG,CA,AT,GT,AG,GT,CT,GC,AA,CG,GT,AA,AC,AG,CC,CG,CT,CA,AT,TA,TC,GG,GC,GC,AT,CT,GA,GG,AG,CT,TC,CA,GA,AG,AA,CG,TT,TG,AC,AA,CA,GT,CT,CC,AC,AT,TT,Pop1
TC,TG,AA,AT,AG,AG,AG,CT,CT,CG,CG,GT,CC,CG,AA,TA,GT,TA,TG,AG,CG,CC,CT,GC,AT,AC,AC,CT,GA,GA,GT,CC,CA,GC,TT,TA,TG,GA,GC,TG,GA,CA,TA,CC,TT,CC,GG,TT,TT,GG,Pop2
CC,CG,AT,TG,AC,GG,CG,AA,GG,CT,GT,TT,TG,AC,GT,GC,CC,CG,CC,TT,AG,CT,AC,AT,AC,TC,GC,GT,CT,GG,GG,GC,CT,CT,GA,AG,CG,CG,CA,GC,AC,CA,CA,AA,GG,AT,CA,AC,TT,CT,Pop1
GT,TA,TT,TA,CT,AC,TT,AC,GC,CA,TA,CG,TC,GG,GC,TC,TA,GA,AA,AC,TC,AG,CT,CT,GC,GG,CG,CC,GT,CC,CC,GA,CA,CC,CT,TA,CT,GA,GC,TG,TC,AG,AT,AG,GT,CA,CC,AA,TA,TA,Pop1
AG,AT,CT,AA,AT,AC,GG,AC,TT,AT,TG,CT,TT,TT,CG,TG,TT,GC,AA,AG,GC,TG,TG,GG,GC,GG,CA,AG,TG,AC,AC,AC,AC,AA,AG,AC,TA,GA,CT,TG,GC,TC,TC,AA,TC,TC,CC,GA,GC,AT,Pop1
TG,CA,CA,CC,TC,AA,CC,TC,AA,TC,CC,CG,AT,AT,AG,AA,GG,GA,AT,GC,CA,GT,AC,CT,CT,CC,GG,AT,AG,CA,CT,GC,AA,GG,CA,AC,TA,TT,AA,CC,GC,GC,AC,AG,TT,AT,AT,CG,GA,AC,Pop1
CG,GT,CT,AT,AG,TG,TC,GT,CA,GC,CT,TG,AA,GT,TC,CT,AG,GC,GA,AC,GT,TT,AG,CC,CG,GC,AA,CC,GA,GT,AC,TC,GA,GC,CG,CT,GG,CC,AA,AG,TG,TG,CT,TC,AC,AA,CA,AG,AG,TC,Pop3
GA,AA,CT,AG,AA,AA,GC,TA,GT,CG,CT,AT,AT,AA,GG,AT,GG,AA,CT,AA,AG,TC,AT,AT,GA,AC,TC,CG,AT,GG,GT,GT,AA,TC,CA,CC,TG,GC,GA,TC,GT,CC,TG,TC,AA,GA,GC,TA,TT,CC,Pop2
GG,CA,GG,GT,TG,AC,AG,CT,TC,CG,AC,TT,CC,TA,TC,CT,TG,TT,GC,TA,GT,AA,GG,AT,AA,GG,TC,AC,GT,CA,TC,TT,GA,GT,AT,TA,GA,GC,CA,CG,GG,TC,TG,AG,AC,GC,AA,CA,GG,AC,Pop1
GG,CG,AG,TG,GA,AC,CA,GT,CT,GA,AT,CC,AA,GT,CT,AC,GT,GT,GG,GC,GT,AG,TG,AG,AT,AT,CA,GC,CG,TA,AT,GA,CG,CA,AA,AT,AG,CG,TA,AG,GA,GT,GT,AA,CT,AG,TT,AT,CC,CT,Pop3
CT,AA,AC,TC,AC,CC,AG,GA,GA,CT,GC,CT,TC,TC,TC,CC,AA,CA,TG,AA,AC,GT,CT,TC,AC,CA,AT,CA,CC,TA,AT,TA,TC,TC,TC,AG,GC,GT,TC,TC,AT,TG,AA,GA,GG,GT,GT,TG,AA,AA,Pop2
TT,TA,CA,CT,TG,GC,AA,CA,GC,GC,AA,TA,GT,GT,CA,CG,TT,CA,TC,CG,TG,TT,AA,AC,GG,CA,TG,AT,CA,GT,GG,AG,GA,AG,CC,CG,AC,TA,AA,AC,GT,CC,TG,AA,TA,AG,CG,TA,CC,GC,Pop1
GT,CT,TT,CA,CA,TA,CA,CT,GT,TA,AC,AG,GG,CG,AT,GG,CT,TG,CC,GA,CC,AT,GT,CA,TA,CT,AC,CA,GA,TG,CG,TC,AT,CG,TG,TA,GG,TC,GT,AG,CA,TT,GT,GA,AT,TT,TA,CT,CT,AA,Pop1
CA,GT,AG,TG,TA,TG,AT,GA,CC,AA,GC,GA,AC,TC,AT,AC,TC,GA,GG,TG,CT,AC,CC,CT,CT,GT,AC,TC,GA,CT,TG,AG,TT,AT,AT,TT,TG,GT,AC,GC,GG,AT,GC,AA,AC,CG,TC,CG,TA,TG,Pop3
GA,TT,CG,TG,TG,AA,AG,GA,AA,TA,AC,CC,TG,GC,CT,GG,AC,GG,AC,CG,TA,CA,GG,CA,AG,AT,GT,CT,GA,CG,TA,CC,TG,AG,AG,AC,CC,AT,GC,CA,TC,CT,AT,AT,TT,CG,TA,TA,TT,GG,Pop2
AT,GC,TT,GA,TT,TT,AA,TT,TC,GG,CG,GT,CC,CC,CG,GT,CA,AT,CA,CA,TC,TG,TG,CG,GT,TA,TT,TG,CG,CT,GA,AC,GA,CG,CG,TA,TC,CA,AA,GA,AC,CA,TC,CC,TT,CG,CA,CT,GA,CC,Pop1
